Time (ms),EMG Value
2009,-88.79
2022,-33.66
2036,30.76
2049,52.69
2062,34.56
2075,2.30
2089,-19.18
2102,-19.72
2116,-10.85
2129,-1.82
2142,3.64
2155,6.65
2169,3.86
2182,3.24
2196,1.43
2209,-1.16
2222,-2.64
2235,-2.14
2249,-1.73
2262,0.39
2275,1.35
2289,-0.61
2302,-0.09
2315,1.64
2329,1.61
2342,0.71
2355,-2.16
2369,-1.90
2382,-0.08
2395,1.69
2409,-0.18
2422,-0.78
2435,0.97
2449,0.14
2462,-0.30
2475,0.86
2489,-1.45
2502,0.48
2515,0.51
2529,-1.12
2543,-0.30
2555,1.21
2568,0.24
2582,0.19
2595,0.09
2609,-1.82
2622,0.03
2635,0.63
2648,1.04
2662,0.48
2675,-0.61
2689,-1.06
2702,-0.63
2715,1.08
2729,0.11
2742,-0.10
2755,1.05
2769,-0.52
2782,-1.03
2795,0.68
2809,-0.90
2822,0.55
2835,0.85
2849,-0.09
2862,-0.85
2875,0.33
2889,-0.33
2902,-0.09
2915,1.25
2929,-0.39
2942,-0.98
2955,0.56
2969,-0.22
2982,-0.13
2995,0.42
3009,0.40
3022,-0.30
3035,0.16
3049,-0.94
3062,-0.37
3075,1.52
3089,0.07
3102,-0.79
3115,0.40
3129,-0.49
3142,-0.42
3155,1.10
3168,-0.16
3182,-0.60
3195,0.74
3209,-0.37
3222,-0.57
3235,0.88
3248,-0.26
3262,-0.54
3275,0.86
3289,-0.29
3302,-0.57
3315,0.84
3329,-0.29
3342,-0.56
3355,0.85
3369,-0.29
3382,-0.56
3395,0.85
3409,-0.29
3422,-0.56
3435,0.85
3449,-0.29
3462,-0.56
3475,0.85
3489,-0.29
3502,-0.56
3515,0.85
3529,-0.29
3542,-0.56
3555,0.85
3569,-0.29
3582,-0.56
3595,0.85
3609,-0.29
3622,-0.56
3635,0.85
3649,-0.29
3662,-0.56
3675,0.85
3689,-0.29
3702,-0.56
3715,0.85
3729,-0.29
3742,-0.56
3755,0.85
3769,-0.29
3782,-0.56
3795,0.85
3809,-0.29
3822,-0.56
3835,0.85
3849,-0.29
3862,-0.56
3875,0.85
3889,-0.29
3902,-0.56
3915,0.85
3929,-0.29
3942,-0.56
3955,0.85
3969,-0.29
3982,-0.56
3995,0.85
4009,-0.29
4022,-0.56
4035,0.85
4049,-0.29
4062,-0.56
4075,0.85
4089,-0.29
4102,-0.56
4115,0.85
4129,-0.29
4142,-0.56
4155,0.85
4169,-0.29
4182,-0.56
4195,0.85
4209,-0.29
4222,-0.56
4235,0.85
4249,-0.29
4262,-0.56
4275,0.85
4289,-0.29
4302,-0.56
4315,0.70
4329,0.35
4342,-1.23
4355,0.47
4369,0.27
4382,0.03
4395,0.52
4409,-0.27
4422,-1.55
4435,0.73
4449,0.72
4462,0.22
4475,0.53
4489,-1.17
4502,-1.01
4515,0.99
4529,0.91
4542,-0.96
4555,0.34
4569,-0.01
4582,-0.14
4595,0.69
4609,-0.82
4622,-0.79
4635,0.98
4649,0.79
4662,-1.07
4675,0.30
4689,0.00
4702,-0.11
4716,0.56
4729,-0.16
4742,-1.47
4755,0.75
4769,0.69
4782,0.34
4795,-0.29
4814,0.14
4822,-1.30
4835,0.21
4848,0.24
4862,0.47
4875,1.02
4889,-0.23
4902,-1.97
4915,0.14
4928,1.27
4942,-0.23
4955,0.27
4969,0.15
4982,-1.15
4995,0.31
5009,0.76
5022,-0.55
5035,-0.35
5049,1.16
5062,-0.38
5075,-0.93
5089,0.66
5102,-0.27
5115,0.38
5129,0.29
5142,-0.94
5155,0.46
5169,0.68
5182,-0.81
5195,-0.54
5209,1.18
5222,-0.36
5235,-0.12
5249,0.03
5262,-0.73
5275,0.99
5288,0.18
5302,-0.43
5315,0.25
5329,-0.16
5342,-1.27
5355,0.72
5369,1.32
5382,-0.42
5395,-0.57
5409,0.06
5422,0.15
5435,-0.36
5449,0.38
5462,-0.57
5475,-0.14
5489,1.48
5502,-0.17
5515,-1.02
5529,0.34
5542,-0.41
5555,-0.31
5569,1.17
5582,-0.31
5595,0.02
5609,0.04
5622,-0.92
5635,0.62
5649,0.79
5662,-0.81
5675,-0.61
5689,1.14
5702,-0.20
5715,-0.74
5729,0.72
5742,-0.19
5755,-0.37
5769,0.90
5782,-0.41
5795,-0.71
5809,0.80
5822,-0.39
5835,0.17
5849,0.23
5862,-0.67
5875,-0.04
5889,1.41
5902,-0.48
5915,-1.03
5929,-0.10
5942,0.65
5955,0.28
5969,0.49
5982,-1.18
5995,-0.00
6009,0.67
6022,-0.33
6035,-0.15
6049,1.07
6062,-0.63
6075,-1.06
6089,0.77
6102,0.08
6115,-0.15
6129,0.93
6142,-0.51
6155,-0.83
6169,0.74
6182,-0.22
6195,-0.43
6209,0.94
6222,-0.27
6235,-0.59
6249,0.81
6262,-0.32
6275,-0.57
6289,0.85
6302,-0.28
6315,-0.55
6329,0.86
6342,-0.29
6355,-0.56
6369,0.85
6382,-0.29
6395,-0.56
6409,0.85
6422,-0.29
6435,-0.56
6449,0.85
6462,-0.29
6475,-0.56
6489,0.85
6502,-0.29
6515,-0.56
6529,0.69
6542,0.35
6555,-1.23
6569,0.47
6582,0.27
6595,0.03
6609,0.68
6622,-0.92
6635,-0.87
6649,1.11
6662,0.16
6675,-0.37
6689,0.70
6702,-0.55
6715,-0.69
6729,0.88
6742,-0.34
6755,0.16
6769,0.20
6782,-0.69
6795,-0.03
6809,1.42
6822,-0.47
6835,-1.19
6849,0.54
6862,-0.03
6875,-0.11
6889,1.04
6902,-0.44
6915,-0.97
6929,1.36
6942,-0.93
6955,-0.84
6968,1.49
6982,0.32
6995,-0.75
7009,0.04
7022,0.02
7035,-0.99
7049,0.77
7062,1.11
7075,-0.79
7089,0.04
7102,-0.49
7115,-0.25
7129,0.89
7142,0.26
7155,-1.34
7168,0.55
7182,0.43
7195,0.06
7209,0.56
7222,-1.06
7235,-0.92
7249,1.17
7262,0.25
7275,-0.32
7289,0.70
7302,-0.58
7315,-0.72
7329,0.87
7342,-0.19
7355,-0.48
7368,0.72
7382,0.34
7395,-1.26
7409,0.45
7422,0.26
7435,0.03
7449,0.68
7462,-0.91
7475,-0.87
7488,0.95
7502,0.81
7515,-1.04
7529,0.32
7542,0.01
7555,-0.11
7568,0.71
7582,-0.81
7595,-0.79
7609,1.13
7622,0.14
7635,-0.40
7649,0.68
7662,-0.55
7675,-0.69
7688,0.89
7702,-0.18
7715,-0.48
7729,0.72
7742,0.33
7755,-1.26
7768,0.29
7782,0.90
7795,-0.65
7808,0.15
7822,0.29
7835,-0.96
7849,0.40
7862,0.74
7875,-0.77
7888,0.25
7902,0.47
7915,-0.91
7929,0.44
7942,-0.06
7955,-0.15
7968,0.69
7982,0.01
7995,-1.44
8009,0.46
8022,1.18
8035,-0.54
8049,0.03
8062,0.11
8075,-1.04
8088,0.44
8102,0.82
8115,-0.71
8128,0.26
8142,0.45
8155,-0.93
8168,0.42
8182,-0.06
8195,0.01
8208,0.05
8222,0.69
8235,-1.06
8248,-0.10
8262,0.59
8275,-0.37
8288,0.66
8302,0.42
8315,-1.30
8329,-0.01
8342,0.63
8355,-0.57
8368,0.51
8382,0.59
8395,-0.81
8408,-0.48
8422,1.17
8435,-0.46
8449,-0.22
8462,0.01
8475,-0.50
8488,0.27
8502,1.54
8515,-0.58
8529,-1.37
8542,0.45
8555,-0.15
8569,0.62
8582,0.58
8595,-1.45
8608,0.39
8622,1.66
8635,-1.00
8649,-1.67
8662,0.79
8675,0.46
8689,0.83
8702,0.08
8715,-1.44
8728,0.19
8742,0.78
8755,-0.55
8768,-0.38
8782,1.17
8795,-0.45
8808,-0.04
8822,-0.64
8835,0.11
8849,0.59
8862,0.96
8875,-1.31
8889,-0.36
8902,-0.21
8915,0.47
8928,1.30
8942,-0.00
8955,-1.93
8969,0.05
8982,1.17
8995,-0.27
9008,0.28
9022,0.17
9035,-0.98
9049,-0.32
9062,1.43
9075,-0.18
9089,-0.91
9102,0.57
9115,-0.21
9128,-0.30
9142,0.98
9155,-0.38
9168,-0.56
9182,0.13
9195,0.42
9208,-0.10
9222,0.34
9235,-0.87
9248,-0.41
9262,1.45
9275,0.01
9288,-0.82
9302,0.41
9315,-0.47
9329,-0.41
9342,1.11
9355,-0.16
9369,-0.60
9382,0.74
9395,-0.37
9409,-0.58
9422,0.87
9435,-0.26
9448,-0.54
9462,0.86
9475,-0.29
9489,-0.57
9502,1.00
9515,-1.09
9529,0.76
9542,0.55
9555,-1.23
9569,-0.59
9582,1.61
9595,0.17
9608,-0.87
9622,0.28
9635,-0.48
9649,-0.30
9662,1.19
9675,-0.18
9689,-0.68
9702,0.68
9715,-0.36
9729,-0.53
9742,0.91
9755,-0.25
9769,-0.55
9782,0.84
9795,-0.30
9809,-0.57
9822,0.85
9835,-0.29
9849,-0.56
9862,0.85
9875,-0.29
9889,-0.56
9902,0.70
9915,0.36
9929,-1.23
9942,0.47
9955,0.27
9968,0.02
9982,0.68
9995,-0.92
10009,-0.87
10022,1.11
10035,0.16
10048,-0.37
10062,0.70
10075,-0.55
10089,-0.70
10102,0.88
10115,-0.18
10129,-0.48
10142,0.87
10155,-0.31
10168,-0.59
10182,0.83
10195,-0.30
10209,-0.56
10222,0.86
10235,-0.28
10249,-0.56
10262,0.85
10275,-0.29
10288,-0.56
10302,0.85
10315,-0.29
10328,-0.56
10342,0.85
10355,-0.29
10368,-0.56
10382,0.85
10395,-0.29
10409,-0.56
10422,0.85
10435,-0.29
10449,-0.56
10462,0.85
10475,-0.29
10488,-0.56
10502,0.85
10515,-0.29
10528,-0.56
10542,0.85
10555,-0.29
10568,-0.56
10582,0.85
10595,-0.29
10609,-0.56
10622,0.70
10635,0.35
10649,-1.23
10662,0.47
10675,0.27
10688,0.03
10702,0.52
10715,-0.27
10728,-1.55
10742,0.73
10755,0.72
10768,0.37
10782,-0.27
10795,0.15
10809,-1.30
10822,0.20
10835,0.24
10848,0.47
10862,1.17
10875,-0.88
10888,-1.14
10902,0.03
10915,0.74
10929,0.24
10942,0.43
10955,-1.02
10968,-0.58
10982,1.38
10995,0.04
11008,-0.75
11022,0.45
11035,-0.47
11048,-0.42
11062,1.09
11075,-0.16
11089,-0.60
11102,0.74
11115,-0.37
11128,-0.58
11142,0.87
11155,-0.26
11168,-0.54
11182,0.86
11195,-0.29
11208,-0.57
11222,0.84
11235,-0.30
11249,-0.56
11262,0.69
11275,0.35
11288,-1.23
11302,0.47
11315,0.27
11328,0.03
11342,0.52
11355,-0.27
11368,-1.55
11382,0.57
11395,1.36
11409,-0.46
11422,0.15
11435,-0.61
11448,-0.27
11462,0.17
11482,0.96
11488,-0.90
11501,0.04
11515,-0.15
11528,0.23
11542,1.01
11555,-0.12
11568,-1.70
11582,-0.31
11595,1.45
11608,0.15
11622,0.90
11635,-1.27
11648,-1.45
11662,1.06
11675,0.82
11688,-0.42
11702,0.49
11715,0.87
11728,-2.34
11742,-0.55
11755,1.29
11768,1.10
11782,-0.28
11795,-0.09
11808,-1.23
11822,0.24
11835,0.79
11849,-0.54
11862,0.42
11875,0.43
11888,-0.93
11902,-0.47
11915,1.31
11928,-0.16
11942,-0.82
11955,0.62
11968,-0.23
11982,-0.36
11995,0.94
12008,-0.37
12022,-0.54
12035,0.15
12048,0.43
12062,-0.11
12075,0.33
12088,-1.04
12102,0.23
12115,0.78
12128,-0.52
12142,0.54
12155,-0.32
12168,-0.51
12182,0.55
12195,0.15
12208,-1.04
12222,-0.04
12235,1.83
12248,-0.12
12262,-1.27
12275,0.32
12288,-0.95
12302,0.58
12315,1.63
12328,-0.96
12342,-0.71
12355,0.15
12368,-0.10
12382,0.37
12395,1.25
12408,-0.88
12422,-1.38
12435,0.67
12448,0.21
12462,0.02
12475,1.01
12488,-0.54
12502,-0.90
12515,0.70
12528,-0.24
12542,-0.27
12555,0.31
12568,0.41
12582,-0.20
12595,0.26
12609,-0.90
12622,-0.40
12635,1.63
12648,-0.62
12662,-0.14
12675,0.79
12688,-1.03
12702,-1.00
12715,1.28
12728,0.47
12742,-0.28
12755,0.48
12768,-0.82
12782,-0.62
12795,0.38
12808,0.67
12822,-0.02
12835,0.27
12848,-0.99
12862,-0.47
12875,1.45
12888,0.04
12902,-0.79
12915,0.42
12929,-0.47
12942,-0.41
12955,1.10
12968,-0.16
12982,-0.60
12995,0.74
13009,-0.37
13022,-0.58
13035,0.87
13048,-0.26
13062,-0.54
13075,0.86
13088,-0.29
13102,-0.57
13115,0.84
13128,-0.30
13142,-0.56
13155,0.85
13168,-0.29
13182,-0.56
13195,0.85
13208,-0.29
13222,-0.56
13235,1.00
13248,-0.94
13262,0.11
13275,1.23
13288,-0.85
13302,-1.15
13315,1.02
13328,0.34
13342,-0.25
13355,0.59
13368,-0.74
13382,-0.75
13395,1.00
13408,-0.03
13422,-0.43
13435,0.82
13448,-0.40
13462,-0.64
13475,0.83
13489,-0.27
13502,-0.53
13515,0.87
13528,-0.28
13542,-0.56
13555,0.84
13568,-0.30
13582,-0.56
13595,0.85
13608,-0.29
13622,-0.56
13635,0.85
13648,-0.29
13662,-0.56
13675,0.85
13688,-0.29
13702,-0.56
13715,0.85
13728,-0.29
13742,-0.56
13755,0.85
13768,-0.29
13782,-0.56
13795,0.85
13811,-0.29
13822,-0.56
13835,0.85
13848,-0.29
13862,-0.56
13875,0.85
13888,-0.29
13901,-0.56
13915,0.85
13928,-0.29
13942,-0.56
13955,0.85
13968,-0.29
13982,-0.56
13995,0.85
14008,-0.29
14022,-0.56
14035,0.85
14048,-0.29
14062,-0.56
14075,0.85
14088,-0.29
14101,-0.56
14115,0.85
14128,-0.29
14142,-0.56
14155,0.85
14168,-0.29
14182,-0.56
14195,0.85
14208,-0.29
14222,-0.56
14235,0.85
14248,-0.29
14262,-0.56
14275,0.85
14288,-0.29
14302,-0.56
14315,0.85
14328,-0.29
14342,-0.56
14355,0.85
14368,-0.29
14382,-0.56
14395,0.85
14408,-0.29
14422,-0.56
14435,0.85
14448,-0.29
14462,-0.56
14475,0.85
14488,-0.29
14502,-0.56
14515,0.85
14528,-0.29
14541,-0.56
14555,0.85
14568,-0.29
14582,-0.56
14595,0.85
14608,-0.29
14622,-0.41
14635,0.21
14648,0.38
14662,-0.18
14675,0.29
14688,-0.88
14702,-0.39
14715,1.48
14728,0.02
14742,-0.82
14755,0.40
14768,-0.48
14782,-0.41
14795,1.11
14809,-0.16
14822,-0.59
14835,0.74
14848,-0.37
14862,-0.58
14875,0.72
14889,0.38
14902,-1.21
14915,0.48
14928,0.27
14942,0.02
14955,0.67
14968,-0.92
14982,-0.88
14995,0.95
15009,0.80
15022,-0.89
15035,-0.47
15048,1.49
15061,-1.04
15075,0.45
15088,-0.46
15102,-0.59
15115,0.84
15128,0.64
15142,-1.02
15155,0.42
15168,0.01
15182,-0.22
15195,0.48
15208,-0.13
15222,-1.22
15235,0.01
15248,2.01
15261,-0.15
15275,-0.47
15288,-1.07
15302,-0.88
15315,2.29
15328,0.35
15342,-1.25
15355,-0.70
15368,0.54
15382,0.62
15395,0.57
15408,-0.52
15422,-1.44
15435,0.06
15448,2.06
15462,-0.23
15475,-0.55
15488,-1.17
15502,0.07
15515,0.93
15528,1.27
15542,-1.25
15555,-0.50
15568,-0.38
15582,0.40
15595,1.31
15608,0.05
15622,-1.72
15635,-0.42
15648,1.20
15662,0.92
15675,-0.40
15688,-0.80
15702,-0.99
15715,1.13
15728,0.97
15742,-0.41
15755,-0.86
15768,-0.15
15782,0.52
15795,0.42
15808,-0.11
15822,-0.37
15835,-0.20
15848,0.10
15862,0.21
15875,0.11
15888,0.12
15902,-0.74
15915,0.45
15928,1.01
15942,-1.21
15955,-0.94
15968,0.90
15981,0.42
15995,1.30
16008,-0.54
16022,-2.38
16035,-0.35
16048,1.91
16062,1.33
16075,0.14
16088,-2.16
16102,-1.12
16115,0.87
16128,2.11
16142,-0.45
16155,-1.23
16168,-0.18
16182,0.61
16195,0.16
16208,0.36
16222,-1.02
16235,-0.50
16248,1.49
16262,0.10
16275,-0.78
16288,0.39
16301,-0.51
16315,-0.43
16328,1.26
16342,-0.79
16355,0.24
16368,0.48
16382,-0.25
16395,-0.63
16408,-0.16
16422,0.45
16435,0.32
16448,0.67
16462,-1.01
16475,-0.68
16488,0.53
16502,0.76
16515,-0.16
16528,0.07
16542,-1.04
16555,-0.35
16568,1.61
16582,0.10
16595,-0.84
16608,0.34
16622,-0.52
16635,-0.26
16648,0.48
16662,0.54
16675,-0.20
16688,0.19
16702,-0.96
16715,-0.41
16728,1.49
16742,0.05
16755,-0.80
16768,0.41
16782,-0.48
16795,-0.42
16808,1.10
16821,-0.16
16835,-0.60
16848,0.74
16861,-0.37
16875,-0.58
16888,0.87
16901,-0.26
16915,-0.54
16928,0.86
16942,-0.29
16955,-0.57
16968,0.84
16982,-0.29
16995,-0.56
17008,0.85
17021,-0.29
17035,-0.56
17048,0.85
17062,-0.29
17075,-0.56
17088,0.85
17102,-0.29
17115,-0.56
17128,0.85
17142,-0.29
17155,-0.56
17168,0.85
17182,-0.29
17195,-0.56
17208,0.85
17222,-0.29
17235,-0.56
17248,0.85
17262,-0.29
17275,-0.41
17288,0.21
17302,0.38
17315,-0.18
17328,0.14
17342,-0.23
17355,-1.06
17368,1.10
17382,0.58
17395,-0.23
17408,0.23
17422,-1.11
17435,-0.73
17448,1.36
17461,0.29
17475,-0.25
17488,-0.05
17502,0.05
17515,-0.33
17528,0.35
17542,-0.74
17555,-0.29
17568,1.50
17582,0.00
17595,-0.70
17608,-0.27
17622,0.18
17635,-0.03
17648,0.55
17661,-0.74
17675,-0.26
17688,0.73
17701,0.62
17715,-0.30
17728,-0.78
17742,-0.37
17755,0.31
17768,0.54
17782,0.24
17795,-0.30
17808,0.36
17822,-0.84
17835,-0.52
17848,1.31
17861,-0.00
17875,-0.68
17888,0.56
17902,-0.43
17915,-0.47
17928,1.02
17942,-0.21
17955,-0.44
17968,0.13
17982,0.33
17995,-0.03
18008,-0.32
18021,-0.17
18035,0.01
18048,0.92
18061,-0.57
18075,-0.65
18088,1.02
18102,-0.17
18115,-0.67
18128,0.51
18141,0.30
18155,-1.12
18168,0.62
18181,0.32
18195,0.13
18208,-0.05
18222,-0.29
18235,-0.49
18248,0.58
18261,-0.40
18275,-0.03
18288,0.69
18301,0.44
18315,-0.58
18328,-0.13
18341,-0.96
18355,-0.16
18368,1.75
18381,0.29
18395,-1.52
18408,0.95
18422,-0.19
18435,-0.99
18448,0.39
18462,0.85
18475,-1.11
18488,0.72
18502,0.98
18515,-0.47
18528,-1.29
18542,-0.48
18555,0.73
18568,0.98
18581,0.27
18595,-0.48
18608,-0.59
18622,-0.21
18635,0.03
18648,0.93
18662,-0.53
18675,-0.40
18688,0.32
18701,1.16
18715,-1.03
18728,-0.51
18742,0.23
18755,-0.20
18768,0.31
18782,1.35
18795,-0.72
18808,-1.33
18821,0.58
18835,-0.08
18848,0.75
18862,-0.13
18875,-0.83
18888,0.92
18901,0.48
18915,-0.89
18928,-0.95
18942,0.22
18955,1.01
18968,0.63
18982,-0.27
18995,-0.70
19008,-0.57
19021,0.75
19035,-0.32
19048,-0.28
19062,1.23
19075,-0.20
19088,-0.67
19101,-0.12
19115,0.28
19128,0.11
19142,-0.15
19155,-0.26
19168,0.76
19182,-0.48
19195,-0.33
19208,0.44
19221,0.44
19235,-0.23
19248,-0.58
19262,-0.23
19275,0.15
19288,1.09
19301,-0.51
19315,-0.55
19328,0.29
19341,0.45
19355,-0.14
19368,-0.67
19382,0.42
19395,-0.39
19408,-0.11
19422,1.36
19435,-0.26
19448,-0.97
19462,0.44
19475,-0.36
19488,-0.18
19501,0.46
19515,0.49
19528,-0.24
19542,0.33
19555,-1.60
19568,0.43
19581,1.23
19595,0.17
19608,-0.85
19622,-0.62
19635,0.23
19648,0.61
19662,0.27
19675,-0.21
19688,-0.34
19701,-0.14
19715,0.10
19728,0.15
19742,0.07
19755,-0.02
19768,-0.05
19782,-0.04
19795,-0.01
19808,0.01
19822,0.01
19835,0.01
19848,0.00
19861,0.15
19875,-0.65
19888,0.52
19901,1.02
19915,-1.23
19928,-1.12
19942,1.37
19955,0.54
19968,-0.24
19982,-0.33
19995,-0.17
20008,-0.26
20022,0.61
20035,-0.54
20048,-0.29
20061,1.36
20075,-0.14
20088,-0.90
20102,0.41
20115,-0.43
20128,-0.21
20142,0.49
20155,0.52
20168,-0.07
20182,-0.31
20195,-0.94
20208,0.64
20221,1.32
20235,-1.09
20248,-1.21
20261,1.21
20275,0.46
20288,-0.36
20302,0.40
20315,-0.80
20328,-0.64
20342,1.14
20355,0.02
20368,-0.48
20382,0.73
20395,-0.44
20408,-0.64
20422,0.86
20435,-0.24
20448,-0.36
20461,0.23
20475,0.39
20488,-0.19
20502,0.28
20515,-0.89
20528,-0.39
20542,1.48
20555,0.02
20568,-0.81
20581,0.40
20595,-0.48
20608,-0.41
20622,1.11
20635,-0.16
20648,-0.60
20661,0.74
20675,-0.53
20688,0.06
20701,0.20
20715,-0.64
20728,0.02
20741,1.45
20755,-0.47
20768,-1.19
20781,0.53
20795,-0.04
20808,-0.11
20822,1.04
20835,-0.44
20848,-0.82
20861,0.72
20875,-0.25
20888,-0.45
20901,0.93
20915,-0.27
20928,-0.58
20941,0.82
20955,-0.31
20968,-0.41
20981,0.21
20995,0.39
21008,-0.17
21022,0.30
21035,-0.87
21048,-0.23
21062,0.83
21075,0.70
21088,-0.28
21102,-0.80
21115,-0.39
21128,0.14
21142,1.18
21155,-0.43
21168,-0.68
21181,0.92
21195,-0.25
21208,-0.53
21221,0.03
21235,0.36
21248,-0.05
21262,0.45
21275,-0.82
21288,-0.45
21301,1.39
21315,-0.03
21328,-0.82
21342,0.43
21355,-0.45
21368,-0.24
21382,0.47
21395,0.52
21408,-0.07
21422,-0.46
21435,-0.29
21448,-0.03
21461,0.94
21475,-0.53
21488,-0.62
21501,1.04
21515,-0.17
21528,-0.67
21541,0.65
21555,-0.35
21568,-0.45
21581,1.00
21595,-0.24
21608,-0.46
21621,0.12
21635,0.34
21648,-0.02
21662,-0.32
21675,-0.18
21688,0.16
21701,0.28
21715,0.10
21728,-0.27
21742,0.47
21755,-0.76
21768,-0.50
21781,1.29
21795,-0.03
21808,-0.70
21821,0.55
21835,-0.43
21848,-0.47
21861,1.02
21875,-0.21
21888,-0.59
21901,0.77
21915,-0.34
21928,-0.56
21941,0.87
21955,-0.26
21968,-0.55
21982,0.85
21995,-0.30
22008,-0.41
22021,0.20
22035,0.38
22049,-0.18
22062,0.29
22075,-0.88
22088,-0.39
22101,1.48
22115,0.02
22128,-0.66
22141,-0.24
22155,0.19
22168,0.12
22182,-0.09
22195,-0.07
22208,0.11
22221,0.17
22235,0.03
22248,-0.13
22261,-0.15
22275,-0.05
22288,0.06
22301,-0.06
22315,0.70
22328,-0.67
22341,-0.56
22355,1.17
22368,-0.26
22381,0.09
22395,-0.74
22408,-0.25
22421,1.29
22435,-0.26
22448,-0.67
22461,0.04
22475,0.46
22488,0.14
22501,-0.45
22515,0.37
22528,-0.62
22541,-0.13
22555,0.70
22568,0.52
22581,-0.32
22595,-0.71
22608,-0.29
22621,0.17
22635,1.29
22648,-1.12
22661,0.13
22675,0.66
22688,-0.11
22701,-0.73
22715,-0.34
22728,0.24
22741,1.24
22755,-0.35
22768,-1.31
22781,0.87
22795,0.85
22808,-0.61
22821,-1.04
22835,-0.06
22848,0.86
22861,0.70
22875,-0.11
22888,-0.60
22902,-0.44
22916,0.03
22928,0.30
22941,0.09
22954,0.69
22968,-0.76
22981,-0.48
22995,0.51
23008,0.59
23021,-0.15
23034,-0.61
23048,-0.30
23061,0.26
23074,0.45
23088,0.19
23101,-0.30
23115,0.39
23128,-0.81
23141,-0.35
23154,0.66
23168,0.67
23181,-0.15
23195,-0.64
23208,-0.34
23221,0.24
23235,0.44
23248,0.19
23261,-0.14
23275,-0.25
23288,-0.13
23301,0.04
23315,0.11
23328,0.08
23341,0.02
23355,-0.02
23368,-0.03
23381,-0.02
23395,-0.01
23408,0.00
23421,0.01
23435,0.01
23448,0.00
23461,-0.15
23475,0.64
23488,-0.68
23501,-0.54
23515,1.20
23528,-0.09
23541,-0.71
23555,0.57
23568,-0.40
23581,-0.45
23595,1.02
23608,-0.21
23622,-0.45
23635,0.12
23648,0.33
23661,-0.19
23675,0.32
23688,-0.85
23701,-0.22
23715,0.84
23728,0.69
23741,-0.44
23755,-0.16
23768,-1.07
23781,-0.08
23795,1.09
23808,0.83
23821,-0.32
23835,-0.91
23848,-0.47
23861,0.28
23875,0.55
23888,0.27
23901,-0.12
23915,-0.27
23928,-0.16
23941,-0.14
23955,0.74
23968,-0.75
23981,0.13
23995,0.51
24008,-0.50
24022,-0.02
24035,0.51
24048,0.10
24061,-0.69
24075,0.16
24088,-0.54
24101,0.02
24115,1.58
24128,-0.18
24141,-1.08
24155,0.29
24168,-0.42
24181,-0.29
24195,1.19
24208,-0.14
24221,-0.62
24235,0.71
24248,-0.39
24261,-0.59
24275,0.87
24288,-0.25
24301,-0.53
24315,0.86
24328,-0.29
24341,-0.41
24355,0.20
24368,0.38
24381,-0.19
24395,0.29
24408,-0.88
24421,-0.39
24435,1.48
24448,0.03
24462,-0.81
24475,0.40
24488,-0.48
24501,-0.42
24515,1.10
24528,-0.16
24542,-0.44
24555,0.10
24568,0.31
24581,-0.20
24595,0.32
24608,-0.85
24621,-0.37
24635,1.48
24648,0.02
24662,-0.82
24675,0.40
24688,-0.48
24701,-0.26
24715,0.46
24728,0.52
24741,-0.21
24755,0.19
24768,-0.95
24781,-0.40
24795,1.50
24808,0.05
24821,-0.80
24835,0.41
24848,-0.48
24861,-0.26
24875,0.46
24888,0.52
24901,-0.22
24915,0.18
24928,-0.96
24941,-0.41
24955,1.50
24968,0.06
24981,-0.79
24995,0.41
25008,-0.48
25021,-0.26
25035,0.46
25048,0.51
25061,-0.22
25075,0.19
25088,-0.96
25101,-0.40
25115,1.50
25128,0.06
25141,-0.80
25155,0.41
25168,-0.48
25181,-0.27
25195,0.30
25208,1.16
25221,-0.74
25235,-0.84
25256,0.28
25261,0.72
25274,0.13
25288,-0.48
25301,-0.56
25315,0.74
25328,-0.31
25341,-0.31
25354,1.13
25368,-0.29
25381,-0.68
25395,-0.06
25408,0.36
25421,-0.00
25435,0.48
25448,-0.81
25461,-0.29
25475,0.73
25488,0.64
25501,-0.44
25515,-0.13
25528,-1.04
25541,-0.22
25555,1.74
25568,0.15
25581,-0.86
25595,0.29
25608,-0.57
25621,-0.28
25635,0.48
25648,0.55
25661,-0.04
25675,-0.45
25688,-0.28
25701,0.12
25715,0.14
25728,0.78
25741,-0.77
25755,-0.55
25768,0.48
25781,0.47
25794,0.55
25808,-1.25
25821,-0.69
25835,0.79
25848,1.01
25861,0.00
25874,-0.78
25888,-0.56
25901,0.13
25915,0.49
25928,0.30
25941,-0.07
25955,-0.24
25968,-0.16
25981,0.00
25995,0.09
26008,0.07
26021,0.02
26035,-0.01
26048,-0.02
26061,-0.02
26075,-0.00
26088,0.00
26101,0.01
26115,0.00
26128,0.00
26141,-0.00
26155,-0.00
26168,0.00
26181,0.00
26195,-0.00
26208,-0.00
26221,-0.00
26235,-0.00
26248,0.00
26261,0.00
26275,0.00
26288,0.00
26301,0.00
26315,-0.00
26328,-0.00
26341,-0.00
26355,-0.00
26368,0.00
26381,0.00
26395,0.00
26408,0.15
26421,-0.64
26435,0.67
26448,0.38
26461,-0.56
26475,-0.74
26488,0.82
26501,-0.05
26515,-0.07
26528,0.30
26541,0.14
26555,-0.36
26568,-0.48
26581,-0.06
26595,0.39
26608,0.57
26621,-0.56
26635,0.45
26648,0.10
26661,-0.67
26675,-0.52
26688,0.30
26701,0.71
26715,0.18
26728,0.36
26741,-1.16
26755,-0.59
26768,0.70
26781,0.84
26795,-0.03
26808,-0.65
26821,-0.42
26835,0.18
26848,0.59
26861,-0.43
26875,0.55
26888,0.14
26901,-0.69
26915,-0.56
26928,0.28
26941,0.70
26955,0.18
26968,0.37
26981,-1.15
26995,-0.59
27008,0.70
27021,0.85
27035,-0.19
27048,-0.01
27061,-1.09
27075,-0.20
27088,0.99
27101,0.80
27115,-0.45
27128,-0.22
27141,-1.12
27155,-0.25
27168,1.75
27181,0.18
27195,-0.68
27208,-0.35
27221,0.11
27234,-0.06
27248,0.57
27261,-0.71
27275,-0.40
27288,1.38
27301,-0.06
27315,-0.84
27328,0.42
27341,-0.45
27355,-0.39
27368,1.11
27381,-0.16
27395,-0.60
27408,0.74
27421,-0.37
27435,-0.58
27448,0.87
27461,-0.26
27475,-0.39
27488,0.21
27501,0.38
27515,-0.18
27528,0.29
27541,-0.88
27554,-0.39
27568,1.48
27581,0.02
27595,-0.82
27608,0.40
27621,-0.48
27634,-0.41
27648,1.11
27661,-0.16
27675,-0.60
27688,0.74
27701,-0.37
27714,-0.58
27728,0.87
27741,-0.26
27755,-0.54
27768,0.86
27781,-0.29
27795,-0.57
27808,0.84
27821,-0.29
27835,-0.56
27848,0.85
27861,-0.29
27875,-0.56
27888,0.85
27901,-0.29
27915,-0.56
27928,0.85
27941,-0.29
27954,-0.56
27968,0.69
27981,0.35
27995,-1.23
28008,0.47
28021,0.27
28034,0.18
28048,0.03
28061,-0.24
28075,-0.49
28088,0.55
28101,-0.43
28114,-0.04
28128,0.68
28141,0.44
28154,-0.57
28168,-0.12
28181,-0.96
28194,-0.16
28208,1.75
28221,0.14
28235,-0.88
28248,0.27
28261,-0.57
28274,-0.43
28288,1.13
28301,-0.12
28314,-0.41
28328,-0.05
28341,0.95
28355,-0.88
28368,-0.07
28381,-0.30
28394,0.37
28408,0.66
28421,0.07
28434,-0.60
28448,-0.54
28461,0.06
28474,0.33
28488,1.03
28501,-0.69
28515,-0.66
28528,0.31
28541,0.54
28555,-0.07
28568,-0.66
28581,0.39
28595,-0.42
28608,0.03
28621,0.71
28634,0.27
28648,0.21
28661,-1.43
28675,-0.80
28688,1.57
28701,0.45
28715,-0.34
28728,-0.24
28741,-0.01
28755,-0.07
28768,-0.15
28781,-0.02
28795,0.04
28808,0.86
28821,-0.63
28835,-0.52
28848,0.39
28861,0.53
28874,-0.12
28888,-0.54
28901,-0.26
28915,0.26
28928,0.42
28941,0.16
28955,-0.32
28968,0.39
28981,-0.80
28994,-0.34
29008,0.67
29021,0.67
29034,-0.31
29048,-0.00
29061,-1.02
29075,-0.15
29088,1.00
29101,0.93
29115,-0.96
29128,-0.20
29141,-0.06
29155,-0.26
29168,-0.03
29181,0.44
29195,0.50
29208,0.03
29221,-0.27
29235,-1.08
29248,0.58
29261,0.77
29274,-0.92
29288,0.21
29301,0.49
29315,-0.06
29328,-0.36
29341,-0.10
29355,0.20
29368,0.16
29381,0.07
29395,-0.83
29408,0.62
29421,0.49
29435,-0.41
29448,-0.54
29461,0.27
29475,-0.26
29488,1.58
29501,-0.39
29515,-2.00
29528,0.49
29541,1.46
29555,-0.64
29568,0.55
29581,-0.74
29594,-0.62
29608,0.46
29621,0.82
29635,0.14
29648,-0.59
29661,-0.57
29675,0.00
29688,0.26
29701,1.00
29715,-0.64
29728,-0.58
29741,0.36
29755,0.52
29768,-0.12
29781,-0.55
29795,-0.26
29808,0.27
29821,0.44
29834,0.17
29848,-0.32
29861,0.38
29875,-0.81
29888,-0.34
29901,0.67
29914,0.67
29928,-0.15
29941,-0.65
29954,-0.34
29968,0.24
29981,0.59
29994,-0.45
30008,0.38
30021,0.77
30034,-1.36
30048,-1.08
30061,1.48
30074,0.62
30088,-0.38
30101,0.29
30114,-0.88
30128,-0.51
30141,0.52
30155,0.57
30168,0.72
30181,-0.98
30195,-1.38
30208,1.30
30221,1.40
30234,-1.37
30248,0.04
30261,-0.59
30274,-0.13
30288,0.61
30301,1.41
30314,-0.77
30328,-1.29
30341,0.62
30354,-0.01
30368,-0.07
30381,0.31
30395,0.30
30408,-0.29
30421,0.25
30434,-0.87
30448,-0.22
30461,0.83
30474,0.70
30488,-0.28
30501,-0.79
30514,-0.38
30528,0.30
30541,0.53
30555,0.24
30568,-0.30
30581,0.51
30595,-1.48
30608,0.32
30621,1.05
30634,0.12
30648,-0.73
30661,-0.47
30674,0.28
30688,0.39
30701,0.83
30715,-0.93
30728,-0.87
30741,1.10
30755,0.04
30768,-0.38
30781,0.01
30795,0.25
30808,-0.13
30821,0.42
30834,-0.81
30848,-0.42
30861,1.41
30875,-0.02
30888,-0.66
30901,-0.22
30915,0.22
30928,-0.02
30941,0.55
30955,-0.75
30968,-0.27
30981,0.72
30994,0.61
31008,-0.30
31021,-0.78
31034,-0.36
31048,0.16
31061,1.19
31074,-0.43
31088,-0.68
31101,0.91
31115,-0.25
31128,-0.54
31141,0.03
31155,0.36
31168,-0.04
31181,0.45
31195,-0.82
31208,-0.44
31221,1.39
31235,-0.03
31248,-0.67
31261,-0.22
31274,0.22
31288,0.14
31301,-0.09
31314,-0.07
31328,-0.05
31341,0.81
31354,-0.65
31368,-0.67
31381,0.89
31394,0.51
31408,-1.32
31421,0.29
31434,0.21
31448,0.14
31461,0.66
31474,-0.23
31488,-1.61
31501,0.64
31514,0.67
31528,0.22
31541,0.56
31555,-1.14
31568,-0.99
31581,1.14
31594,0.26
31608,-0.15
31621,0.07
31634,0.10
31648,-0.35
31661,0.31
31674,-0.77
31688,-0.15
31701,0.86
31715,0.68
31728,-0.31
31741,-0.82
31755,-0.40
31768,0.14
31781,1.18
31794,-0.43
31808,-0.68
31821,0.77
31834,0.40
31848,-1.36
31861,0.30
31874,0.24
31888,0.16
31901,0.68
31915,-0.22
31928,-1.45
31941,-0.16
31955,1.98
31968,0.08
31981,-1.18
31994,0.14
32008,-0.37
32021,-0.14
32035,1.24
32048,-0.40
32061,-0.11
32075,-0.01
32088,-0.72
32101,0.05
32114,1.51
32128,-0.43
32141,-1.19
32155,0.52
32168,-0.05
32181,-0.12
32194,1.04
32208,-0.59
32221,-0.17
32234,0.04
32248,-0.64
32261,0.10
32274,1.52
32288,-0.60
32301,-0.72
32314,0.48
32327,-1.11
32341,-0.10
32354,2.83
32368,-0.85
32381,-1.65
32394,1.11
32407,-2.25
32421,1.04
32434,2.99
32448,-1.31
32461,-1.78
32474,1.24
32488,-1.44
32501,0.03
32515,2.99
32528,-1.32
32541,-2.04
32554,2.47
32568,-1.07
32581,-1.10
32595,1.94
32608,-1.19
32621,-0.30
32634,2.45
32648,-1.75
32661,-1.43
32675,2.75
32688,-1.77
32701,-1.58
32715,3.63
32728,-0.35
32741,-2.32
32754,1.64
32768,-1.06
32781,-1.28
32794,3.79
32808,-1.44
32821,-2.53
32834,3.57
32848,-1.70
32861,-1.60
32875,3.66
32888,-1.75
32901,-2.88
32914,4.50
32928,-1.82
32941,-1.69
32955,4.00
32968,-1.78
32981,-2.54
32994,2.45
33008,-0.94
33021,-0.97
33034,4.15
33048,-1.70
33061,-3.30
33075,2.95
33088,-0.76
33101,-1.60
33114,3.69
33127,-1.33
33141,-2.56
33154,3.38
33168,-1.78
33181,-1.30
33194,3.38
33208,-1.66
33221,-1.64
33234,2.72
33248,-1.02
33261,-1.97
33274,3.39
33288,-1.25
33301,-2.20
33314,3.47
33328,-1.23
33341,-2.41
33354,3.33
33368,-1.07
33381,-1.92
33395,2.85
33408,-0.52
33421,-1.81
33434,2.12
33448,-1.09
33461,-1.50
33474,2.87
33488,-0.73
33501,-1.78
33514,2.37
33528,-0.96
33541,-1.65
33554,2.63
33568,-0.82
33581,-1.67
33594,2.53
33608,-0.89
33621,-1.54
33634,1.91
33648,-0.19
33661,-1.30
33674,2.00
33688,-1.46
33702,-1.51
33715,3.18
33728,-0.56
33741,-1.94
33755,2.10
33768,-1.06
33781,-1.38
33794,2.16
33808,-0.06
33821,-1.18
33834,1.24
33848,-0.86
33861,-0.99
33874,2.00
33888,-0.44
33901,-1.21
33914,1.38
33928,-0.02
33941,-1.76
33954,1.09
33968,1.32
33981,-1.88
33994,0.43
34008,1.17
34021,-1.62
34034,0.54
34048,1.02
34061,-1.72
34074,0.50
34088,1.86
34101,-2.20
34115,-0.80
34128,3.58
34141,-2.11
34154,-1.36
34168,2.98
34181,-2.51
34194,-1.28
34208,5.55
34221,-2.96
34234,-2.72
34248,3.90
34261,-2.43
34274,-1.01
34288,5.45
34301,-3.73
34314,-3.62
34328,7.53
34341,-3.59
34354,-4.55
34368,8.33
34381,-3.45
34394,-4.74
34408,8.24
34421,-3.51
34434,-5.02
34448,8.79
34461,-4.09
34474,-5.49
34488,10.78
34501,-4.90
34514,-6.75
34528,11.77
34541,-4.73
34555,-7.29
34568,12.26
34581,-5.21
34594,-7.64
34608,13.44
34621,-5.40
34634,-8.53
34648,14.70
34661,-6.46
34674,-9.41
34688,16.23
34701,-6.09
34715,-10.13
34728,16.42
34741,-6.73
34754,-10.61
34767,18.36
34781,-7.50
34794,-11.69
34808,19.52
34821,-7.33
34834,-12.39
34848,19.85
34861,-7.85
34874,-12.68
34888,21.12
34901,-7.99
34915,-13.41
34928,21.71
34941,-8.41
34954,-13.93
34968,22.68
34981,-8.61
34995,-14.47
35008,23.50
35021,-8.93
35035,-14.89
35048,23.70
35061,-8.55
35074,-15.07
35088,24.00
35101,-9.42
35114,-15.30
35128,24.84
35141,-8.72
35154,-15.58
35168,24.03
35181,-9.12
35194,-15.44
35208,25.21
35221,-9.55
35234,-15.96
35248,25.49
35261,-9.12
35274,-16.12
35288,24.97
35301,-9.35
35314,-15.99
35328,26.04
35341,-9.86
35355,-16.54
35368,26.33
35381,-9.41
35395,-16.67
35408,25.82
35421,-9.64
35434,-16.40
35448,26.25
35461,-9.47
35474,-16.57
35488,25.98
35501,-9.61
35515,-16.53
35528,26.09
35541,-9.52
35555,-16.51
35568,26.08
35581,-9.40
35594,-17.17
35608,26.74
35621,-9.17
35634,-17.08
35648,25.48
35661,-9.38
35674,-15.89
35688,26.39
35701,-9.80
35715,-16.97
35728,25.88
35741,-9.40
35755,-16.27
35768,26.20
35781,-9.43
35794,-17.43
35808,27.31
35821,-9.86
35834,-17.59
35848,26.72
35861,-9.44
35874,-16.60
35888,26.96
35901,-10.21
35914,-17.43
35928,26.90
35941,-9.61
35955,-16.86
35968,26.97
35981,-9.93
35994,-17.19
36008,26.87
36021,-9.83
36034,-17.05
36048,27.11
36061,-10.47
36074,-16.41
36088,27.29
36101,-10.41
36114,-17.67
36128,27.09
36141,-9.06
36154,-17.41
36168,27.34
36181,-9.75
36194,-18.47
36208,27.16
36221,-9.03
36234,-16.88
36248,26.61
36261,-10.03
36274,-16.83
36288,26.38
36301,-9.25
36314,-16.71
36328,25.69
36341,-9.63
36355,-16.23
36368,26.39
36381,-9.34
36395,-17.52
36408,27.32
36421,-10.57
36435,-16.87
36448,27.33
36461,-10.44
36475,-17.15
36488,28.16
36501,-9.79
36514,-18.12
36528,25.58
36541,-8.59
36555,-15.57
36568,25.98
36581,-10.13
36594,-17.63
36608,26.89
36621,-8.60
36634,-17.49
36648,26.25
36661,-9.83
36674,-15.90
36688,26.18
36701,-9.98
36714,-17.52
36728,27.06
36741,-8.50
36754,-17.61
36768,25.83
36781,-9.18
36794,-17.14
36808,26.68
36821,-8.89
36834,-17.49
36848,26.20
36861,-9.06
36874,-17.34
36888,26.43
36901,-8.95
36914,-17.36
36928,26.35
36941,-9.01
36955,-17.38
36968,26.36
36981,-8.99
36994,-17.37
37008,26.21
37021,-8.50
37034,-17.40
37048,25.15
37061,-8.17
37074,-16.90
37088,26.09
37101,-7.95
37114,-19.08
37127,25.06
37141,-6.66
37154,-16.58
37168,24.42
37181,-7.53
37194,-18.34
37207,24.46
37221,-4.71
37234,-18.59
37248,22.54
37261,-5.23
37274,-17.36
37288,23.50
37301,-4.80
37314,-19.03
37328,22.36
37341,-3.40
37355,-18.56
37368,21.99
37381,-2.87
37394,-19.18
37408,21.38
37421,-1.88
37434,-19.35
37448,20.83
37461,-1.08
37475,-19.53
37488,19.62
37501,0.46
37514,-19.57
37528,19.15
37541,-0.10
37554,-19.43
37568,19.09
37581,1.41
37594,-20.09
37608,18.08
37621,2.65
37634,-20.77
37648,16.61
37661,4.15
37674,-20.03
37688,15.76
37701,4.87
37714,-20.12
37728,14.82
37741,5.83
37755,-22.12
37768,14.95
37781,8.41
37794,-21.93
37808,13.44
37821,8.28
37835,-22.30
37848,13.26
37861,10.16
37874,-23.29
37888,12.09
37901,11.46
37914,-22.78
37928,10.82
37941,12.39
37955,-23.05
37968,9.74
37981,13.56
37995,-23.00
38008,8.48
38021,15.47
38034,-23.84
38048,8.21
38061,16.37
38074,-24.82
38088,7.25
38101,16.93
38114,-23.55
38127,7.56
38141,16.93
38154,-25.09
38168,6.76
38181,18.48
38194,-24.58
38207,5.73
38221,18.98
38234,-24.09
38247,5.03
38261,18.87
38274,-24.68
38288,5.40
38301,19.93
38314,-24.29
38328,4.51
38341,19.61
38355,-25.18
38368,4.70
38381,20.84
38394,-24.24
38407,3.62
38421,20.52
38434,-24.35
38448,3.21
38461,21.16
38474,-24.56
38488,3.34
38501,21.60
38514,-23.75
38528,2.05
38541,20.66
38554,-23.92
38568,3.69
38581,22.07
38594,-25.50
38608,1.50
38621,23.39
38634,-23.60
38648,1.33
38661,21.92
38674,-24.35
38687,1.92
38701,22.84
38714,-23.93
38728,0.86
38741,23.04
38755,-23.67
38768,0.34
38781,23.30
38794,-23.95
38808,-0.11
38821,24.78
38835,-23.27
38848,-1.29
38861,23.39
38874,-23.25
38887,-0.14
38901,24.28
38914,-23.35
38928,-0.85
38941,23.75
38955,-23.20
38968,-1.18
38981,24.70
38994,-22.60
39008,-2.62
39021,25.33
39034,-22.78
39048,-2.93
39061,25.63
39074,-22.10
39088,-3.56
39101,25.81
39114,-22.14
39128,-4.06
39141,25.61
39154,-21.51
39168,-4.07
39181,26.39
39194,-21.42
39208,-5.78
39221,26.35
39234,-20.64
39248,-5.40
39261,26.22
39274,-20.62
39287,-5.99
39301,26.92
39314,-20.37
39330,-6.72
39341,26.31
39354,-19.90
39367,-6.58
39381,27.35
39394,-19.68
39407,-8.32
39421,27.19
39434,-18.99
39448,-8.12
39461,27.73
39474,-19.61
39488,-9.07
39501,29.00
39514,-18.62
39528,-10.62
39541,28.43
39555,-18.09
39568,-10.79
39581,29.33
39594,-17.66
39608,-11.40
39621,28.56
39634,-17.58
39648,-11.55
39661,29.62
39674,-17.09
39688,-13.03
39701,29.55
39714,-16.48
39728,-12.82
39741,29.35
39755,-16.44
39768,-13.36
39781,30.10
39794,-16.01
39808,-14.72
39821,30.16
39834,-15.33
39848,-14.66
39861,30.58
39874,-16.15
39888,-14.95
39901,31.20
39914,-15.36
39928,-16.57
39941,31.90
39954,-14.78
39968,-17.28
39981,31.22
39994,-14.31
40008,-16.27
40021,31.54
40034,-14.80
40048,-17.75
40061,31.97
40074,-14.03
40088,-17.77
40101,31.63
40114,-13.80
40128,-18.03
40141,32.44
40154,-13.72
40168,-18.98
40181,31.73
40194,-13.35
40208,-18.08
40221,32.18
40234,-13.50
40248,-19.29
40261,32.57
40274,-13.15
40288,-18.93
40301,31.47
40314,-13.21
40328,-18.49
40341,32.97
40354,-13.28
40368,-20.10
40381,31.91
40394,-12.69
40408,-18.77
40421,32.54
40434,-13.13
40448,-19.58
40461,32.14
40474,-12.97
40488,-19.20
40501,32.38
40514,-12.97
40528,-19.32
40541,32.27
40554,-12.86
40568,-20.11
40581,33.61
40594,-13.28
40608,-20.39
40621,32.91
40634,-12.75
40647,-20.03
40661,33.86
40674,-13.11
40688,-21.41
40701,33.21
40714,-12.35
40728,-20.22
40741,33.60
40755,-12.92
40768,-21.00
40781,33.30
40794,-12.68
40808,-20.60
40821,33.52
40834,-12.70
40848,-20.74
40861,33.40
40874,-12.74
40888,-20.72
40901,33.28
40914,-12.07
40928,-21.38
40941,32.90
40955,-11.52
40968,-20.80
40981,32.73
40994,-12.15
41008,-21.12
41021,32.98
41034,-11.70
41048,-20.93
41061,32.84
41074,-11.80
41088,-21.70
41101,33.39
41114,-10.82
41128,-22.21
41141,31.61
41154,-9.70
41168,-21.79
41181,32.46
41194,-9.33
41208,-23.17
41221,30.25
41234,-7.95
41248,-22.14
41261,31.71
41274,-8.21
41288,-23.16
41301,29.54
41314,-7.53
41328,-22.64
41341,31.33
41354,-6.89
41368,-23.96
41381,29.40
41394,-5.84
41408,-24.25
41421,29.52
41434,-3.94
41448,-24.33
41461,28.22
41474,-4.78
41487,-24.15
41501,28.52
41514,-3.10
41528,-25.47
41541,27.47
41554,-1.47
41568,-25.06
41581,26.53
41595,-1.55
41608,-25.74
41621,26.25
41634,0.63
41648,-26.26
41661,24.46
41674,2.34
41687,-25.80
41701,23.19
41714,2.11
41728,-26.12
41741,23.40
41754,4.35
41768,-27.18
41781,21.84
41794,5.30
41808,-26.87
41821,21.39
41834,5.77
41848,-27.42
41861,20.85
41874,7.61
41888,-28.24
41901,19.76
41914,8.79
41928,-28.06
41941,19.07
41954,9.12
41968,-28.59
41981,18.63
41994,11.04
42008,-29.39
42021,17.52
42034,12.18
42048,-29.23
42061,16.83
42074,12.52
42088,-29.75
42101,16.55
42114,13.80
42128,-29.88
42141,15.82
42155,14.38
42168,-30.30
42181,15.29
42194,15.35
42208,-30.51
42221,14.91
42234,15.69
42247,-30.79
42261,15.38
42274,16.19
42288,-31.59
42301,13.89
42314,16.83
42328,-29.70
42341,14.36
42354,16.40
42368,-32.49
42381,14.45
42394,18.12
42408,-30.86
42421,13.19
42434,16.97
42448,-31.01
42461,14.03
42474,18.66
42488,-32.04
42501,11.96
42514,17.92
42528,-29.79
42541,13.53
42554,18.48
42568,-32.17
42581,11.98
42594,19.27
42608,-31.82
42621,12.62
42634,20.08
42648,-30.91
42661,11.07
42674,18.67
42688,-31.40
42701,12.90
42714,19.74
42728,-32.17
42741,11.82
42755,19.58
42768,-30.75
42781,11.46
42794,19.72
42808,-32.08
42821,12.08
42834,20.67
42847,-32.34
42861,11.20
42874,20.29
42888,-31.07
42901,11.17
42914,20.06
42928,-31.66
42941,11.84
42955,20.87
42968,-33.26
42981,10.82
42994,21.95
43008,-31.66
43021,11.04
43034,20.85
43048,-32.54
43061,10.34
43074,22.02
43087,-30.94
43101,9.19
43114,20.94
43127,-31.12
43141,10.84
43154,22.17
43168,-33.15
43181,9.16
43194,22.97
43207,-31.35
43221,9.73
43234,22.06
43248,-32.41
43260,9.56
43274,22.62
43288,-31.87
43301,9.65
43314,22.37
43328,-32.11
43341,9.43
43355,23.09
43368,-32.70
43381,9.09
43394,23.64
43408,-32.13
43421,8.90
43434,23.00
43448,-32.45
43461,9.16
43474,23.46
43488,-32.10
43501,8.21
43514,24.52
43528,-32.53
43541,7.31
43555,24.60
43567,-31.69
43581,7.78
43594,24.26
43608,-32.29
43621,7.57
43634,24.51
43648,-31.95
43661,7.68
43674,24.40
43687,-32.11
43701,7.46
43714,25.07
43728,-32.73
43741,7.12
43754,25.63
43768,-32.15
43781,6.93
43794,25.00
43807,-32.31
43821,6.54
43834,26.12
43848,-31.74
43861,5.99
43874,24.64
43887,-30.87
43901,6.39
43914,25.17
43928,-31.25
43941,5.57
43954,25.00
43968,-30.50
43981,5.54
43994,25.67
44008,-30.59
44021,4.58
44034,25.07
44047,-30.15
44061,5.45
44074,25.44
44087,-30.35
44101,4.24
44114,25.86
44127,-29.82
44141,3.97
44155,25.45
44167,-29.51
44181,3.85
44194,26.35
44207,-29.41
44221,2.86
44234,25.44
44248,-28.43
44261,3.07
44274,25.66
44288,-28.81
44301,3.78
44314,25.60
44327,-29.86
44341,3.15
44355,26.19
44367,-28.65
44381,2.91
44394,26.38
44408,-29.00
44421,2.05
44434,26.00
44448,-28.29
44461,2.25
44474,26.97
44488,-28.30
44501,1.13
44514,26.15
44527,-27.81
44541,1.56
44555,26.66
44567,-26.88
44581,0.18
44594,25.91
44608,-26.63
44621,0.06
44634,27.10
44648,-25.88
44661,-1.33
44674,26.78
44688,-25.65
44701,-1.28
44714,26.74
44727,-23.15
44741,-9.72
44755,33.05
44768,-12.26
44781,-17.26
44794,7.57
44808,10.61
44821,0.38
44834,-8.45
44848,-4.74
44861,4.38
44874,5.34
44888,1.08
44901,-1.90
44914,-3.76
44927,-1.74
44941,2.01
44954,1.49
44967,0.44
44981,0.82
44994,-0.85
45007,-1.12
45021,0.54
45034,-0.34
45048,-0.45
45061,1.03
45074,-0.14
45087,-0.48
45101,0.86
45114,-0.33
45127,-0.61
45141,0.80
45154,-0.33
45167,-0.58
45181,0.85
45194,-0.26
45208,-0.53
45221,0.88
45234,-0.28
45247,-0.57
45261,0.83
45274,-0.31
45287,-0.42
45301,0.20
45314,0.39
45327,-0.17
45341,0.30
45354,-0.87
45367,-0.23
45381,0.83
45394,0.69
45407,-0.44
45421,-0.16
45434,-1.07
45447,-0.24
45461,1.74
45474,0.16
45487,-0.70
45501,-0.35
45514,0.11
45527,-0.05
45541,0.57
45554,-0.71
45567,-0.40
45581,1.38
45594,-0.06
45607,-0.69
45621,-0.23
45634,0.22
45648,0.14
45661,-0.09
45674,-0.07
45687,-0.05
45701,0.81
45714,-0.64
45727,-0.51
45741,0.41
45754,0.54
45767,-0.27
45781,0.11
45794,-0.93
45807,-0.28
45821,1.62
45834,0.07
45848,-0.87
45861,0.31
45874,-0.53
45887,-0.41
45901,1.14
45914,-0.12
45928,-0.58
45941,0.74
45954,-0.38
45968,-0.43
45981,0.22
45994,0.41
46007,-0.01
46021,-0.34
46034,-0.20
46047,-0.01
46061,0.92
46074,-0.41
46088,-1.29
46101,1.70
46114,0.21
46127,-1.23
46141,0.07
46154,-0.17
46167,0.18
46181,1.31
46194,-0.49
46207,-1.06
46221,0.57
46234,-0.19
46248,-0.30
46261,0.86
46274,0.35
46287,-1.33
46301,0.24
46314,0.89
46327,-0.48
46341,-0.32
46354,0.33
46368,0.10
46381,0.38
46394,-1.06
46408,-0.51
46421,1.58
46434,0.21
46448,-0.76
46461,0.29
46474,-0.63
46487,-0.47
46501,1.16
46514,-0.07
46527,-0.39
46540,0.10
46554,0.27
46567,-0.23
46581,0.30
46594,-0.85
46607,-0.36
46620,1.49
46634,0.03
46647,-0.66
46660,-0.25
46674,0.19
46687,-0.04
46701,0.55
46714,-0.75
46727,-0.27
46740,0.73
46754,0.62
46767,-0.45
46780,-0.13
46794,-1.04
46807,-0.07
46821,1.09
46834,0.83
46848,-0.48
46861,-0.27
46874,-1.15
46887,-0.26
46900,1.75
46914,0.19
46927,-0.68
46941,-0.34
46954,0.11
46967,0.10
46981,-0.08
46994,-0.04
47007,0.13
47021,0.17
47034,0.03
47047,-0.29
47061,0.49
47074,-0.72
47087,-0.47
47101,1.29
47114,-0.04
47128,-0.55
47141,-0.10
47154,0.24
47168,0.07
47181,-0.33
47194,0.53
47207,-0.71
47221,0.46
47234,-0.06
47247,0.09
47260,0.23
47274,-0.10
47288,-0.44
47301,-0.29
47314,0.18
47328,0.44
47341,0.27
47354,-0.09
47367,-0.45
47381,0.42
47394,-0.70
47407,-0.26
47420,0.69
47434,0.65
47447,-0.34
47461,-0.03
47474,-1.03
47487,-0.14
47501,1.00
47514,0.78
47527,-0.31
47541,-1.03
47554,0.20
47568,-0.53
47581,0.82
47594,0.15
47607,0.07
47621,-0.05
47634,0.44
47647,-1.15
47661,-0.65
47674,0.78
47687,0.91
47701,0.76
47714,-1.39
47727,-1.00
47741,0.58
47754,1.01
47767,0.14
47781,-0.64
47794,-0.51
47808,0.11
47821,0.44
47834,0.26
47847,-0.09
47861,-0.24
47874,-0.15
47887,0.01
47901,0.09
47914,0.08
47927,0.02
47941,-0.01
47954,-0.03
47968,-0.02
47981,-0.16
47994,0.64
48008,-0.82
48021,0.12
48034,0.53
48048,-0.47
48061,0.00
48074,0.67
48087,-0.54
48101,-0.03
48114,0.68
48127,-1.74
48140,0.11
48154,2.14
48167,-0.11
48181,-1.20
48194,-0.44
48207,0.28
48220,1.01
48234,-0.79
48247,-0.63
48261,0.43
48274,1.48
48287,-0.69
48301,-1.09
48314,0.04
48327,0.72
48341,0.29
48354,-0.34
48367,-0.38
48381,0.03
48394,0.30
48408,0.19
48421,-0.07
48434,-0.19
48447,-0.12
48461,0.02
48474,0.09
48488,0.07
48501,0.02
48514,-0.02
48527,-0.03
48541,-0.02
48554,-0.01
48568,-0.15
48581,0.65
48594,-0.67
48607,-0.37
48621,0.41
48634,1.23
48647,-0.85
48661,-1.01
48674,0.24
48687,0.84
48701,0.27
48714,-0.44
48727,-0.46
48741,-0.15
48754,0.96
48767,-0.45
48781,-0.42
48794,0.38
48808,0.47
48821,-0.16
48834,-0.55
48847,-0.25
48861,0.11
48874,1.07
48887,-0.66
48901,-0.05
48914,0.27
48927,-0.60
48940,-0.11
48954,1.27
48967,-0.49
48980,-1.06
48994,0.69
49007,0.01
49020,-0.17
49034,0.95
49047,-0.49
49061,-0.66
49074,0.10
49087,0.45
49100,-0.06
49114,0.38
49127,-0.86
49141,-0.42
49154,1.44
49167,-0.00
49180,-0.67
49194,-0.24
49208,0.20
49221,-0.02
49234,0.56
49247,-0.74
49260,-0.42
49274,1.37
49287,-0.06
49301,-0.84
49314,0.42
49327,-0.45
49341,-0.39
49354,1.12
49367,-0.15
49380,-0.60
49394,0.74
49408,-0.38
49421,-0.58
49434,0.87
49447,-0.26
49461,-0.54
49474,0.86
49487,-0.29
49501,-0.56
49514,0.84
49527,-0.30
49541,-0.56
49554,0.85
49567,-0.29
49581,-0.56
49594,0.85
49608,-0.29
49621,-0.40
49634,0.21
49647,0.38
49660,-0.18
49674,0.29
49687,-0.88
49701,-0.23
49714,0.83
49727,0.70
49741,-0.44
49754,-0.15
49767,-1.07
49781,-0.24
49794,1.73
49807,0.16
49821,-0.85
49834,0.29
49847,-0.56
49861,-0.43
49874,1.13
49887,-0.13
49901,-0.57
49914,0.75
49928,-0.37
49941,-0.59
49954,0.87
49967,-0.26
49980,-0.54
49994,0.86
50007,-0.29
50021,-0.56
50034,0.85
50047,-0.29
50060,-0.41
50074,0.21
50087,0.38
50101,-0.03
50114,-0.35
50127,-0.05
50141,-0.49
50154,0.95
50167,0.49
50180,-0.82
50194,-0.12
50207,-0.58
50221,0.29
50234,0.95
50247,0.39
50261,-0.62
50274,-1.00
50287,0.45
50301,-0.33
50314,0.84
50327,0.04
50341,-0.20
50354,0.70
50367,-0.86
50381,-0.96
50394,0.97
50407,0.15
50421,-0.24
50434,0.85
50447,-0.50
50461,-0.76
50474,0.79
50487,-0.24
50501,-0.48
50514,0.90
50527,-0.28
50541,-0.42
50554,0.19
50567,0.37
50580,-0.03
50594,-0.35
50607,-0.20
50621,0.15
50634,0.12
50647,0.76
50661,-0.78
50674,-0.55
50687,0.48
50701,0.62
50714,-0.09
50727,-0.57
50741,-0.31
50754,0.23
50767,0.42
50781,0.18
50794,-0.15
50807,-0.25
50820,-0.13
50834,0.04
50847,0.11
50861,-0.07
50874,0.66
50887,-0.70
50901,-0.41
50914,0.54
50927,0.58
50941,-0.33
50954,0.02
50967,-0.98
50980,-0.12
50994,1.01
51007,0.78
51021,-0.32
51034,-0.89
51047,-0.45
51061,0.13
51074,1.04
51087,0.24
51101,-1.34
51114,0.55
51127,0.31
51141,-0.11
51154,0.50
51167,-0.95
51181,-0.59
51194,0.62
51207,0.89
51221,0.11
51234,-0.59
51247,-0.51
51261,0.01
51274,0.34
51287,0.25
51306,-0.17
51314,0.49
51327,-0.78
51340,-0.53
51354,1.26
51367,-0.05
51380,-0.55
51394,-0.09
51407,0.25
51421,0.08
51434,-0.18
51447,0.04
51461,-0.68
51474,1.51
51487,-0.24
51501,-1.05
51514,-0.18
51527,0.70
51541,0.51
51554,-0.38
51567,0.13
51580,-0.87
51594,-0.15
51607,0.87
51621,0.68
51634,-0.30
51647,-0.63
51661,-1.02
51674,0.97
51687,1.05
51701,-0.97
51714,-0.05
51727,0.28
51741,-0.08
51754,-0.41
51767,0.66
51781,-0.42
51794,-0.23
51807,0.43
51820,0.37
51834,-0.25
51847,-0.52
51860,-0.32
51874,0.96
51887,-0.12
51901,-1.07
51914,1.68
51927,0.04
51941,-1.21
51954,-0.59
51967,0.72
51981,0.15
51994,0.82
52007,-0.03
52021,-0.93
52034,-0.61
52047,0.37
52060,0.77
52074,0.31
52087,-0.34
52101,-0.50
52114,-0.18
52127,0.18
52141,0.28
52154,0.13
52167,-0.05
52181,-0.12
52194,-0.09
52207,-0.02
52221,0.03
52234,0.04
52247,0.02
52260,0.01
52274,-0.00
52287,0.15
52301,-0.65
52314,0.67
52327,0.38
52341,-0.56
52354,-0.59
52367,0.17
52380,0.63
52394,0.32
52407,-0.26
52421,-0.45
52434,-0.19
52447,0.15
52461,0.25
52474,0.13
52487,-0.03
52501,-0.11
52514,-0.08
52527,-0.02
52541,0.02
52554,0.03
52567,0.02
52581,0.01
52594,-0.00
52607,-0.01
52621,-0.01
52634,-0.00
52647,-0.00
52661,-0.00
52674,0.00
52687,0.00
52701,0.00
52714,-0.15
52727,0.65
52741,-0.67
52754,-0.38
52767,0.56
52781,0.59
52794,-0.33
52807,0.02
52821,-0.99
52834,-0.12
52847,1.01
52861,0.62
52874,0.32
52887,-1.56
52901,-0.83
52914,0.85
52927,1.14
52941,0.10
52954,-0.76
52967,-0.59
52980,0.09
52994,0.46
53007,0.29
53021,-0.07
53034,-0.39
53047,0.49
53061,-0.67
53074,-0.29
53087,0.63
53100,0.61
53114,-0.19
53127,-0.65
53140,-0.33
53154,0.25
53167,0.45
53181,0.20
53194,-0.30
53207,0.39
53220,-0.81
53234,-0.35
53247,0.66
53260,0.67
53274,-0.15
53287,-0.65
53301,-0.34
53314,0.24
53327,0.44
53340,0.04
53354,0.50
53367,-0.92
53380,-0.51
53394,0.44
53407,1.34
53421,-0.77
53434,-1.14
53447,0.86
53461,0.14
53474,-0.28
53487,0.76
53501,-0.55
53514,-0.70
53527,0.90
53541,-0.17
53554,-0.49
53567,0.85
53580,-0.33
53594,-0.59
53607,0.84
53621,-0.29
53634,-0.55
53647,0.85
53661,-0.29
53674,-0.40
53687,0.21
53701,0.38
53714,-0.03
53727,-0.35
53741,-0.20
53754,0.15
53767,0.27
53781,0.11
53794,-0.26
53807,0.47
53820,-0.75
53834,-0.34
53847,0.64
53860,0.49
53873,0.47
53887,-1.33
53901,-0.72
53914,0.80
53927,1.03
53940,0.02
53954,-0.92
53967,0.08
53981,-0.55
53994,-0.05
54007,1.50
54021,-0.16
54034,-0.95
54047,0.42
54061,-0.40
54074,-0.21
54087,0.45
54101,0.49
54114,-0.23
54127,0.19
54141,-0.95
54154,-0.40
54167,1.50
54180,0.05
54194,-0.80
54207,0.41
54221,-0.48
54234,-0.42
54247,1.10
54261,-0.16
54274,-0.60
54287,0.74
54301,-0.37
54314,-0.58
54327,0.87
54341,-0.26
54354,-0.54
54367,0.86
54380,-0.29
54394,-0.41
54407,0.20
54421,0.38
54434,-0.18
54447,0.14
54461,-0.23
54474,-0.91
54487,0.30
54501,1.90
54514,-0.52
54527,-0.86
54541,-0.49
54554,-0.64
54567,1.28
54580,1.18
54594,-1.06
54607,-0.30
54621,0.21
54634,-0.78
54647,0.56
54661,0.75
54674,-0.84
54687,0.20
54700,0.48
54714,-0.88
54727,0.30
54741,0.58
54754,-0.68
54767,-0.35
54780,1.23
54794,-0.47
54807,-0.42
54821,0.62
54834,-1.35
54847,0.23
54861,2.72
54874,-1.87
54887,-1.40
54901,2.15
54914,-1.19
54927,-0.61
54941,2.29
54954,-1.34
54967,-1.67
54980,3.59
54994,-1.72
55007,-1.94
55021,2.85
55034,-1.20
55047,-1.54
55061,3.69
55074,-1.05
55087,-3.11
55100,2.76
55114,-1.45
55127,-0.66
55141,5.14
55154,-3.30
55167,-4.15
55180,5.58
55194,-1.22
55207,-2.62
55220,4.14
55234,-2.44
55247,-2.21
55261,5.80
55274,-2.97
55287,-4.09
55300,6.48
55314,-1.89
55327,-3.69
55341,5.58
55354,-3.23
55367,-2.97
55380,7.27
55394,-2.88
55407,-4.41
55420,6.63
55434,-3.40
55447,-4.44
55461,8.72
55474,-2.37
55487,-5.68
55500,7.01
55514,-2.66
55527,-4.80
55540,8.63
55554,-3.42
55567,-5.12
55580,8.02
55594,-3.25
55607,-4.64
55620,8.85
55634,-4.37
55647,-5.31
55661,8.81
55674,-2.55
55687,-5.60
55700,8.91
55714,-4.00
55727,-6.31
55740,9.92
55754,-2.63
55767,-6.30
55781,9.60
55794,-4.21
55807,-6.89
55821,11.39
55834,-3.92
55847,-6.70
55861,10.40
55874,-4.29
55887,-6.32
55901,11.50
55914,-5.01
55927,-7.95
55941,13.28
55954,-4.57
55967,-8.11
55981,11.97
55994,-4.72
56007,-7.20
56021,13.29
56034,-5.86
56047,-8.59
56061,14.23
56074,-5.34
56087,-9.23
56101,14.98
56114,-5.09
56127,-9.38
56141,13.42
56154,-5.35
56167,-8.10
56181,15.24
56194,-6.38
56207,-9.70
56221,15.11
56234,-5.47
56247,-9.28
56261,15.54
56274,-6.42
56287,-10.56
56301,17.63
56314,-6.11
56327,-11.06
56342,16.15
56353,-5.98
56367,-10.56
56380,18.27
56394,-6.92
56407,-11.97
56420,17.87
56434,-6.78
56447,-10.77
56460,18.88
56474,-7.17
56487,-12.06
56500,18.07
56514,-6.66
56527,-11.76
56541,19.34
56554,-6.56
56567,-12.34
56581,18.33
56594,-7.50
56607,-11.36
56621,19.99
56634,-7.24
56647,-12.62
56661,18.80
56674,-7.05
56687,-12.33
56700,20.24
56714,-6.65
56727,-13.54
56741,19.84
56754,-7.27
56767,-13.13
56781,20.93
56794,-6.82
56807,-13.75
56821,20.05
56834,-7.05
56847,-13.27
56861,20.63
56874,-6.88
56887,-13.67
56900,20.95
56914,-7.70
56927,-13.99
56941,21.64
56954,-7.01
56967,-14.14
56981,20.99
56994,-7.37
57007,-13.91
57020,21.42
57034,-7.17
57047,-14.05
57061,21.18
57074,-7.46
57087,-13.37
57100,20.61
57114,-7.60
57127,-13.44
57141,21.85
57154,-7.43
57167,-14.64
57180,20.94
57194,-7.00
57207,-13.56
57220,21.45
57234,-7.40
57247,-14.11
57261,20.48
57274,-6.70
57287,-12.88
57301,20.11
57314,-8.35
57327,-12.50
57341,21.12
57354,-6.84
57367,-13.81
57381,19.89
57394,-7.26
57407,-13.33
57421,20.82
57434,-6.60
57447,-13.40
57461,20.19
57474,-7.24
57487,-13.58
57501,20.46
57514,-6.82
57527,-13.34
57540,20.44
57554,-6.99
57567,-13.50
57581,20.37
57594,-6.97
57607,-13.45
57620,20.42
57634,-6.95
57647,-13.44
57661,20.41
57674,-6.96
57687,-13.45
57701,20.56
57714,-7.61
57727,-12.78
57741,20.79
57754,-7.52
57767,-14.03
57781,20.59
57794,-6.33
57807,-13.13
57821,20.15
57834,-7.41
57847,-13.49
57860,19.91
57874,-6.18
57887,-12.14
57901,18.50
57914,-7.36
57927,-12.26
57940,20.40
57954,-6.71
57967,-13.59
57981,19.09
57994,-6.49
58007,-12.40
58020,19.83
58034,-6.92
58047,-12.50
58061,18.72
58074,-7.04
58087,-12.24
58101,20.22
58113,-6.97
58127,-12.88
58140,18.55
58154,-6.81
58167,-11.74
58181,19.69
58193,-6.31
58207,-13.23
58220,17.91
58234,-6.29
58247,-11.62
58260,19.26
58273,-6.40
58287,-12.72
58300,18.37
58314,-6.45
58327,-12.19
58340,18.72
58354,-5.65
58367,-12.86
58381,17.48
58394,-4.55
58407,-11.90
58420,16.80
58434,-5.86
58447,-11.37
58460,16.86
58474,-4.69
58487,-12.20
58501,17.14
58514,-4.38
58527,-12.64
58540,15.71
58554,-3.66
58567,-11.45
58580,15.67
58593,-3.65
58607,-12.35
58620,14.65
58634,-1.52
58647,-12.07
58660,13.35
58674,-2.27
58687,-11.37
58701,13.58
58714,-1.39
58727,-11.42
58740,12.43
58754,-1.39
58767,-11.72
58780,12.85
58793,-0.50
58807,-11.30
58820,11.38
58834,-0.00
58847,-11.74
58860,10.81
58874,1.19
58887,-11.51
58901,10.47
58914,1.74
58927,-12.16
58940,8.99
58954,3.39
58967,-11.59
58980,7.62
58994,3.71
59007,-10.78
59020,7.37
59034,3.51
59047,-11.09
59060,6.53
59074,4.92
59087,-11.08
59100,6.14
59114,6.14
59127,-12.26
59140,4.41
59154,7.14
59167,-11.07
59180,4.22
59194,8.26
59207,-11.06
59220,0.38
59234,9.69
59247,-9.80
59260,0.59
59274,10.04
59287,-10.15
59300,-1.12
59314,11.16
59327,-9.77
59340,-1.52
59354,11.77
59367,-10.23
59380,-2.22
59394,13.30
59407,-11.07
59420,-3.83
59434,15.43
59447,-10.15
59460,-5.72
59474,15.71
59487,-10.13
59500,-6.65
59514,17.40
59527,-9.89
59540,-7.70
59554,17.56
59567,-10.25
59580,-7.81
59594,18.76
59607,-10.31
59620,-9.79
59634,20.15
59647,-9.09
59660,-11.08
59674,20.00
59687,-10.17
59700,-11.16
59714,22.64
59727,-9.02
59740,-13.04
59754,20.27
59767,-9.25
59780,-11.50
59794,22.47
59807,-9.82
59820,-13.00
59834,22.78
59847,-9.93
59860,-14.00
59874,24.44
59887,-9.78
59900,-14.90
59914,24.11
59927,-9.23
59940,-14.52
59954,24.64
59967,-10.40
59980,-15.19
59994,25.32
60007,-9.53
60021,-15.20
60034,24.66
60047,-9.96
60060,-15.18
60074,25.74
60087,-10.42
60100,-15.68
60114,26.05
60127,-9.96
60140,-15.82
60154,25.53
60167,-10.19
60180,-15.55
60194,25.96
60207,-9.88
60220,-16.36
60234,26.37
60247,-9.63
60260,-17.03
60274,26.54
60287,-10.05
60300,-16.76
60314,27.39
60327,-9.75
60340,-17.41
60354,26.56
60367,-9.92
60380,-16.89
60394,27.00
60407,-9.11
60420,-17.82
60434,26.43
60447,-9.35
60460,-16.50
60474,26.78
60487,-10.44
60500,-17.38
60514,27.18
60527,-9.40
60540,-16.90
60554,26.77
60567,-10.10
60580,-17.22
60594,26.95
60607,-9.73
60620,-17.15
60634,27.59
60647,-10.53
60660,-17.65
60674,28.10
60687,-9.94
60700,-17.79
60714,27.50
60727,-10.24
60740,-17.53
60754,27.95
60767,-10.05
60780,-17.68
60794,27.69
60807,-10.19
60820,-17.65
60834,27.79
60847,-10.10
60860,-17.63
60874,27.78
60887,-10.13
60900,-17.65
60914,27.77
60927,-10.13
60940,-17.64
60954,27.77
60967,-10.13
60980,-17.64
60994,27.77
61007,-10.13
61020,-17.64
61034,27.77
61047,-9.98
61060,-18.29
61074,28.45
61087,-9.75
61100,-18.20
61114,27.19
61127,-9.96
61140,-17.02
61154,28.09
61167,-10.39
61180,-18.09
61194,27.58
61207,-9.98
61220,-17.39
61234,27.91
61247,-10.16
61260,-17.75
61274,27.69
61287,-10.15
61300,-17.62
61314,27.80
61327,-10.11
61340,-17.63
61354,27.77
61367,-10.14
61380,-17.65
61394,27.77
61407,-10.13
61420,-17.64
61434,27.77
61447,-9.97
61461,-18.28
61474,28.45
61487,-9.59
61500,-18.84
61514,27.86
61527,-9.42
61540,-18.22
61554,28.17
61567,-9.83
61580,-18.02
61594,27.31
61607,-9.91
61620,-17.85
61634,28.70
61647,-9.89
61660,-18.50
61674,27.05
61687,-9.86
61700,-16.84
61714,28.17
61727,-10.42
61740,-18.17
61754,27.53
61767,-9.83
61780,-18.01
61794,28.61
61807,-9.62
61820,-18.95
61834,27.77
61847,-9.45
61860,-18.20
61874,28.20
61887,-9.66
61900,-18.66
61914,27.98
61927,-9.54
61940,-18.41
61954,28.11
61967,-9.72
61980,-17.87
61994,27.36
62007,-9.96
62021,-17.94
62034,28.66
62047,-9.73
62060,-19.11
62074,27.75
62087,-9.31
62100,-17.89
62114,27.61
62127,-9.05
62140,-18.22
62154,26.73
62167,-9.45
62180,-17.68
62194,27.57
62207,-9.15
62220,-18.06
62234,27.01
62247,-9.38
62260,-17.90
62274,27.30
62287,-9.37
62300,-17.28
62314,26.52
62327,-9.68
62340,-17.39
62354,27.80
62367,-9.45
62380,-18.55
62394,26.90
62407,-9.02
62420,-17.48
62434,27.40
62447,-9.43
62460,-18.19
62474,27.08
62487,-9.25
62500,-17.67
62514,26.65
62527,-8.59
62540,-17.42
62554,25.83
62567,-8.57
62580,-17.91
62594,26.10
62607,-7.83
62620,-16.92
62634,24.81
62647,-8.87
62660,-17.18
62674,26.43
62687,-7.44
62700,-18.88
62714,24.89
62727,-6.79
62740,-17.37
62754,25.28
62767,-7.68
62780,-18.29
62794,25.08
62807,-6.59
62820,-17.80
62834,24.07
62847,-6.54
62860,-17.56
62874,24.93
62887,-6.24
62900,-19.48
62914,23.32
62927,-4.12
62940,-17.26
62954,22.77
62967,-5.37
62980,-18.92
62994,22.82
63007,-3.11
63020,-18.63
63034,21.76
63047,-3.02
63060,-19.17
63074,21.47
63087,-1.80
63100,-19.32
63113,20.97
63127,-1.75
63140,-19.03
63154,20.79
63167,-1.57
63180,-19.22
63194,19.75
63207,-0.31
63220,-19.14
63234,19.53
63247,0.96
63260,-20.42
63274,17.67
63287,1.91
63300,-19.33
63314,18.21
63327,2.56
63340,-20.66
63354,16.70
63367,4.07
63381,-21.08
63394,16.40
63407,4.96
63420,-20.28
63434,15.67
63447,5.15
63460,-22.15
63474,15.21
63487,7.68
63500,-21.32
63514,14.09
63527,7.20
63540,-22.25
63554,13.80
63567,9.50
63580,-22.82
63594,12.69
63607,10.52
63620,-22.61
63634,11.32
63647,11.55
63660,-22.72
63673,10.50
63687,12.25
63700,-22.67
63713,10.39
63727,13.14
63740,-23.36
63753,9.42
63767,13.91
63780,-23.26
63793,8.49
63807,15.55
63820,-23.23
63833,7.09
63847,16.37
63860,-24.04
63873,6.96
63887,17.48
63900,-23.30
63914,6.32
63927,16.32
63940,-23.68
63954,6.67
63967,18.46
63980,-24.76
63994,5.54
64007,19.06
64020,-23.66
64033,4.65
64047,18.71
64060,-23.75
64074,4.48
64087,19.61
64100,-23.78
64113,3.74
64127,20.63
64140,-23.49
64154,3.13
64167,19.42
64180,-24.21
64194,3.85
64207,22.10
64220,-23.58
64234,1.59
64247,20.67
64260,-24.15
64273,2.86
64287,22.30
64300,-22.90
64313,0.44
64327,21.45
64340,-22.92
64353,1.80
64367,21.85
64380,-23.51
64394,0.63
64407,22.88
64420,-22.51
64434,0.00
64447,22.48
64460,-23.15
64473,-0.92
64487,24.35
64500,-21.09
64514,-2.35
64527,22.34
64540,-22.47
64554,-0.38
64567,24.70
64580,-23.10
64594,-1.10
64607,23.41
64620,-23.42
64633,-0.53
64647,24.80
64660,-24.60
64673,1.06
64687,23.72
64700,-26.87
64713,2.28
64727,27.18
64740,-27.62
64753,-0.11
64767,25.05
64780,-26.73
64794,2.35
64807,27.06
64820,-28.28
64834,0.26
64847,26.78
64860,-27.31
64873,0.92
64887,26.62
64900,-27.67
64914,0.74
64927,27.52
64940,-28.19
64953,0.26
64967,27.87
64980,-27.72
64993,0.12
65007,27.34
65020,-27.95
65033,0.40
65047,27.78
65060,-27.64
65073,-0.57
65087,28.82
65100,-28.07
65113,-1.47
65127,28.91
65140,-27.22
65153,-0.99
65167,28.58
65180,-27.82
65193,-1.21
65207,28.82
65220,-27.49
65233,-1.25
65247,29.35
65260,-28.32
65273,-1.70
65287,29.94
65300,-27.67
65314,-1.83
65327,29.32
65340,-27.85
65353,-2.23
65367,30.43
65380,-27.28
65393,-2.94
65407,29.44
65420,-26.59
65434,-3.10
65447,30.28
65460,-27.53
65473,-2.65
65487,30.83
65500,-28.01
65513,-3.49
65527,30.60
65540,-26.48
65553,-4.15
65567,30.87
65580,-26.07
65593,-4.57
65607,30.22
65620,-26.77
65633,-3.97
65647,31.78
65660,-26.16
65673,-6.15
65687,30.73
65700,-25.58
65713,-3.81
65727,31.03
65740,-26.73
65753,-6.20
65767,31.47
65780,-24.77
65793,-5.63
65807,30.53
65820,-24.26
65833,-6.45
65847,30.83
65860,-25.26
65873,-6.82
65887,31.72
65900,-22.46
65913,-8.81
65927,30.45
65940,-22.01
65953,-8.24
65967,30.06
65980,-21.80
65993,-8.76
66009,30.25
66020,-20.76
66033,-9.03
66047,30.14
66060,-20.63
66073,-10.52
66087,29.50
66100,-18.63
66113,-9.75
66127,28.90
66140,-18.48
66153,-11.57
66167,29.60
66180,-17.50
66194,-12.37
66207,29.14
66220,-16.02
66234,-12.39
66247,28.16
66260,-15.58
66273,-13.47
66287,28.58
66300,-13.99
66314,-14.21
66327,27.46
66340,-13.63
66354,-13.77
66367,27.64
66380,-12.33
66394,-15.88
66407,26.60
66420,-10.75
66434,-15.52
66447,26.76
66460,-10.03
66474,-17.88
66487,26.79
66500,-7.56
66514,-18.85
66527,25.87
66540,-7.58
66553,-18.41
66567,26.05
66580,-6.69
66594,-19.64
66607,25.71
66620,-5.29
66634,-21.11
66647,27.14
66660,-5.38
66674,-23.32
66687,28.44
66700,-5.59
66714,-22.48
66727,30.43
66740,-7.29
66754,-25.18
66767,30.88
66780,-5.63
66793,-23.67
66807,30.10
66820,-7.99
66834,-22.05
66847,30.59
66860,-5.61
66874,-27.17
66887,27.62
66900,3.62
66914,-29.59
66927,22.99
66940,7.83
66954,-27.67
66967,19.20
66980,6.59
66994,-28.01
67007,20.36
67020,9.94
67034,-28.60
67047,18.65
67060,9.57
67073,-28.18
67087,18.40
67100,9.62
67114,-29.02
67127,18.46
67140,11.75
67154,-29.49
67167,18.22
67180,11.52
67194,-30.08
67207,17.60
67220,12.36
67234,-30.07
67247,17.72
67260,12.86
67274,-29.91
67287,17.05
67300,12.37
67314,-28.94
67327,15.56
67340,12.26
67354,-27.59
67367,17.12
67380,12.13
67393,-30.15
67407,16.36
67420,12.59
67434,-27.86
67447,15.41
67460,12.41
67473,-27.04
67487,15.21
67500,12.24
67514,-30.66
67527,18.53
67540,16.27
67554,-34.73
67567,14.54
67580,17.89
67594,-30.24
67607,15.23
67620,15.85
67633,-32.10
67647,15.42
67660,15.90
67674,-31.63
67687,14.79
67700,17.80
67714,-31.74
67727,14.28
67740,17.78
67753,-32.05
67767,14.13
67780,17.25
67793,-32.66
67807,14.51
67820,19.70
67834,-31.93
67847,12.61
67860,17.67
67874,-31.96
67887,13.96
67900,19.67
67914,-33.33
67927,13.43
67940,19.98
67954,-33.32
67967,13.02
67980,19.67
67994,-32.30
68007,12.81
68020,19.36
68033,-31.90
68047,12.42
68060,19.94
68074,-32.95
68087,13.39
68100,19.85
68113,-34.54
68127,13.87
68140,21.38
68153,-33.43
68167,13.01
68180,20.16
68193,-35.20
68207,13.25
68220,22.24
68233,-33.63
68247,12.74
68260,21.38
68273,-35.36
